,daytype,hourtype,location
1,weekday,night,home
2,weekday,night,home
3,weekday,night,home
4,weekday,night,home
5,weekday,night,home
6,weekday,night,home
7,weekday,morning,home
8,weekday,morning,home
9,weekday,morning,home
10,weekday,morning,office
11,weekday,morning,office
12,weekday,morning,office
13,weekday,afternoon,office
14,weekday,afternoon,office
15,weekday,afternoon,office
16,weekday,afternoon,office
17,weekday,afternoon,office
18,weekday,afternoon,office
19,weekday,evening,home
20,weekday,evening,home
21,weekday,evening,home
22,weekday,evening,home
23,weekday,night,home
24,weekday,night,home
25,weekday,night,home
26,weekday,night,home
27,weekday,night,home
28,weekday,night,home
29,weekday,night,home
30,weekday,night,home
31,weekday,morning,home
32,weekday,morning,home
33,weekday,morning,home
34,weekday,morning,office
35,weekday,morning,office
36,weekday,morning,restaurant
37,weekday,afternoon,restaurant
38,weekday,afternoon,office
39,weekday,afternoon,office
40,weekday,afternoon,office
41,weekday,afternoon,office
42,weekday,afternoon,office
43,weekday,evening,office
44,weekday,evening,home
45,weekday,evening,home
46,weekday,evening,home
47,weekday,night,home
48,weekday,night,home
49,weekday,night,home
50,weekday,night,home
51,weekday,night,home
52,weekday,night,home
53,weekday,night,home
54,weekday,night,home
55,weekday,morning,home
56,weekday,morning,home
57,weekday,morning,home
58,weekday,morning,office
59,weekday,morning,office
60,weekday,morning,restaurant
61,weekday,afternoon,restaurant
62,weekday,afternoon,campus
63,weekday,afternoon,campus
64,weekday,afternoon,campus
65,weekday,afternoon,campus
66,weekday,afternoon,home
67,weekday,evening,home
68,weekday,evening,home
69,weekday,evening,home
70,weekday,evening,store
71,weekday,night,store
72,weekday,night,home
73,weekend,night,home
74,weekend,night,home
75,weekend,night,home
76,weekend,night,home
77,weekend,night,home
78,weekend,night,home
79,weekend,morning,home
80,weekend,morning,home
81,weekend,morning,home
82,weekend,morning,home
83,weekend,morning,home
84,weekend,morning,home
85,weekend,afternoon,home
86,weekend,afternoon,home
87,weekend,afternoon,home
88,weekend,afternoon,home
89,weekend,afternoon,home
90,weekend,afternoon,home
91,weekend,evening,home
92,weekend,evening,home
93,weekend,evening,home
94,weekend,evening,home
95,weekend,night,home
96,weekend,night,home
97,weekend,night,home
98,weekend,night,home
99,weekend,night,home
100,weekend,night,home
101,weekend,night,home
102,weekend,night,home
103,weekend,morning,home
104,weekend,morning,home
105,weekend,morning,home
106,weekend,morning,home
107,weekend,morning,home
108,weekend,morning,home
109,weekend,afternoon,home
110,weekend,afternoon,restaurant
111,weekend,afternoon,restaurant
112,weekend,afternoon,home
113,weekend,afternoon,home
114,weekend,afternoon,home
115,weekend,evening,home
116,weekend,evening,home
117,weekend,evening,home
118,weekend,evening,home
119,weekend,night,home
120,weekend,night,home
121,weekday,night,home
122,weekday,night,home
123,weekday,night,home
124,weekday,night,home
125,weekday,night,home
126,weekday,night,home
127,weekday,morning,home
128,weekday,morning,home
129,weekday,morning,campus
130,weekday,morning,campus
131,weekday,morning,campus
132,weekday,morning,office
133,weekday,afternoon,restaurant
134,weekday,afternoon,office
135,weekday,afternoon,office
136,weekday,afternoon,office
137,weekday,afternoon,office
138,weekday,afternoon,office
139,weekday,evening,store
140,weekday,evening,home
141,weekday,evening,home
142,weekday,evening,home
143,weekday,night,home
144,weekday,night,home
145,weekday,night,home
146,weekday,night,home
147,weekday,night,home
148,weekday,night,home
149,weekday,night,home
150,weekday,night,home
151,weekday,morning,home
152,weekday,morning,home
153,weekday,morning,home
154,weekday,morning,home
155,weekday,morning,office
156,weekday,morning,restaurant
157,weekday,afternoon,restaurant
158,weekday,afternoon,office
159,weekday,afternoon,office
160,weekday,afternoon,office
161,weekday,afternoon,office
162,weekday,afternoon,office
163,weekday,evening,home
164,weekday,evening,home
165,weekday,evening,home
166,weekday,evening,home
167,weekday,night,home
168,weekday,night,home
169,weekday,night,home
170,weekday,night,home
171,weekday,night,home
172,weekday,night,home
173,weekday,night,home
174,weekday,night,home
175,weekday,morning,home
176,weekday,morning,home
177,weekday,morning,restaurant
178,weekday,morning,appointment
179,weekday,morning,appointment
180,weekday,morning,restaurant
181,weekday,afternoon,restaurant
182,weekday,afternoon,campus
183,weekday,afternoon,campus
184,weekday,afternoon,campus
185,weekday,afternoon,campus
186,weekday,afternoon,campus
187,weekday,evening,restaurant
188,weekday,evening,home
189,weekday,evening,home
190,weekday,evening,home
191,weekday,night,home
192,weekday,night,home
193,weekday,night,home
194,weekday,night,home
195,weekday,night,home
196,weekday,night,home
197,weekday,night,home
198,weekday,night,home
199,weekday,morning,home
200,weekday,morning,home
201,weekday,morning,home
202,weekday,morning,office
203,weekday,morning,office
204,weekday,morning,restaurant
205,weekday,afternoon,restaurant
206,weekday,afternoon,office
207,weekday,afternoon,office
208,weekday,afternoon,office
209,weekday,afternoon,office
210,weekday,afternoon,office
211,weekday,evening,office
212,weekday,evening,home
213,weekday,evening,store
214,weekday,evening,store
215,weekday,night,home
216,weekday,night,home
217,weekday,night,home
218,weekday,night,home
219,weekday,night,home
220,weekday,night,home
221,weekday,night,home
222,weekday,night,home
223,weekday,morning,home
224,weekday,morning,home
225,weekday,morning,home
226,weekday,morning,office
227,weekday,morning,office
228,weekday,morning,restaurant
229,weekday,afternoon,restaurant
230,weekday,afternoon,campus
231,weekday,afternoon,campus
232,weekday,afternoon,campus
233,weekday,afternoon,campus
234,weekday,afternoon,campus
235,weekday,evening,restaurant
236,weekday,evening,home
237,weekday,evening,home
238,weekday,evening,home
239,weekday,night,home
240,weekday,night,home
241,weekend,night,home
242,weekend,night,home
243,weekend,night,home
244,weekend,night,home
245,weekend,night,home
246,weekend,night,home
247,weekend,morning,home
248,weekend,morning,home
249,weekend,morning,home
250,weekend,morning,home
251,weekend,morning,home
252,weekend,morning,home
253,weekend,afternoon,restaurant
254,weekend,afternoon,restaurant
255,weekend,afternoon,home
256,weekend,afternoon,home
257,weekend,afternoon,home
258,weekend,afternoon,appointment
259,weekend,evening,appointment
260,weekend,evening,store
261,weekend,evening,restaurant
262,weekend,evening,home
263,weekend,night,home
264,weekend,night,home
265,weekend,night,home
266,weekend,night,home
267,weekend,night,home
268,weekend,night,home
269,weekend,night,home
270,weekend,night,home
271,weekend,morning,home
272,weekend,morning,home
273,weekend,morning,home
274,weekend,morning,home
275,weekend,morning,home
276,weekend,morning,home
277,weekend,afternoon,restaurant
278,weekend,afternoon,restaurant
279,weekend,afternoon,home
280,weekend,afternoon,home
281,weekend,afternoon,home
282,weekend,afternoon,home
283,weekend,evening,store
284,weekend,evening,restaurant
285,weekend,evening,home
286,weekend,evening,home
287,weekend,night,home
288,weekend,night,home
289,weekday,night,home
290,weekday,night,home
291,weekday,night,home
292,weekday,night,home
293,weekday,night,home
294,weekday,night,home
295,weekday,morning,home
296,weekday,morning,home
297,weekday,morning,home
298,weekday,morning,office
299,weekday,morning,office
300,weekday,morning,restaurant
301,weekday,afternoon,office
302,weekday,afternoon,office
303,weekday,afternoon,office
304,weekday,afternoon,office
305,weekday,afternoon,office
306,weekday,afternoon,office
307,weekday,evening,home
308,weekday,evening,home
309,weekday,evening,home
310,weekday,evening,home
311,weekday,night,home
312,weekday,night,home
313,weekday,night,home
314,weekday,night,home
315,weekday,night,home
316,weekday,night,home
317,weekday,night,home
318,weekday,night,home
319,weekday,morning,home
320,weekday,morning,home
321,weekday,morning,home
322,weekday,morning,home
323,weekday,morning,office
324,weekday,morning,restaurant
325,weekday,afternoon,restaurant
326,weekday,afternoon,office
327,weekday,afternoon,office
328,weekday,afternoon,office
329,weekday,afternoon,office
330,weekday,afternoon,office
331,weekday,evening,store
332,weekday,evening,home
333,weekday,evening,home
334,weekday,evening,home
335,weekday,night,home
336,weekday,night,home
337,weekday,night,home
338,weekday,night,home
339,weekday,night,home
340,weekday,night,home
341,weekday,night,home
342,weekday,night,home
343,weekday,morning,home
344,weekday,morning,home
345,weekday,morning,home
346,weekday,morning,office
347,weekday,morning,office
348,weekday,morning,restaurant
349,weekday,afternoon,office
350,weekday,afternoon,office
351,weekday,afternoon,campus
352,weekday,afternoon,campus
353,weekday,afternoon,campus
354,weekday,afternoon,home
355,weekday,evening,home
356,weekday,evening,home
357,weekday,evening,home
358,weekday,evening,home
359,weekday,night,home
360,weekday,night,home
361,weekday,night,home
362,weekday,night,home
363,weekday,night,home
364,weekday,night,home
365,weekday,night,home
366,weekday,night,home
367,weekday,morning,home
368,weekday,morning,home
369,weekday,morning,home
370,weekday,morning,office
371,weekday,morning,office
372,weekday,morning,office
373,weekday,afternoon,office
374,weekday,afternoon,office
375,weekday,afternoon,office
376,weekday,afternoon,office
377,weekday,afternoon,office
378,weekday,afternoon,office
379,weekday,evening,office
380,weekday,evening,home
381,weekday,evening,home
382,weekday,evening,home
383,weekday,night,home
384,weekday,night,home
385,weekday,night,home
386,weekday,night,home
387,weekday,night,home
388,weekday,night,home
389,weekday,night,home
390,weekday,night,home
391,weekday,morning,home
392,weekday,morning,home
393,weekday,morning,home
394,weekday,morning,campus
395,weekday,morning,campus
396,weekday,morning,campus
397,weekday,afternoon,restaurant
398,weekday,afternoon,office
399,weekday,afternoon,office
400,weekday,afternoon,office
401,weekday,afternoon,office
402,weekday,afternoon,office
403,weekday,evening,store
404,weekday,evening,store
405,weekday,evening,restaurant
406,weekday,evening,home
407,weekday,night,home
408,weekday,night,home
409,weekend,night,home
410,weekend,night,home
411,weekend,night,home
412,weekend,night,home
413,weekend,night,home
414,weekend,night,home
415,weekend,morning,home
416,weekend,morning,home
417,weekend,morning,home
418,weekend,morning,home
419,weekend,morning,home
420,weekend,morning,home
421,weekend,afternoon,home
422,weekend,afternoon,home
423,weekend,afternoon,home
424,weekend,afternoon,home
425,weekend,afternoon,appointment
426,weekend,afternoon,appointment
427,weekend,evening,restaurant
428,weekend,evening,home
429,weekend,evening,home
430,weekend,evening,home
431,weekend,night,home
432,weekend,night,home
433,weekend,night,home
434,weekend,night,home
435,weekend,night,home
436,weekend,night,home
437,weekend,night,home
438,weekend,night,home
439,weekend,morning,home
440,weekend,morning,home
441,weekend,morning,home
442,weekend,morning,home
443,weekend,morning,home
444,weekend,morning,home
445,weekend,afternoon,home
446,weekend,afternoon,home
447,weekend,afternoon,home
448,weekend,afternoon,home
449,weekend,afternoon,home
450,weekend,afternoon,home
451,weekend,evening,home
452,weekend,evening,home
453,weekend,evening,home
454,weekend,evening,home
455,weekend,night,home
456,weekend,night,home
457,weekday,night,home
458,weekday,night,home
459,weekday,night,home
460,weekday,night,home
461,weekday,night,home
462,weekday,night,home
463,weekday,morning,home
464,weekday,morning,home
465,weekday,morning,campus
466,weekday,morning,campus
467,weekday,morning,office
468,weekday,morning,office
469,weekday,afternoon,office
470,weekday,afternoon,office
471,weekday,afternoon,office
472,weekday,afternoon,office
473,weekday,afternoon,office
474,weekday,afternoon,office
475,weekday,evening,office
476,weekday,evening,store
477,weekday,evening,home
478,weekday,evening,home
479,weekday,night,home
480,weekday,night,home
481,weekday,night,home
482,weekday,night,home
483,weekday,night,home
484,weekday,night,home
485,weekday,night,home
486,weekday,night,home
487,weekday,morning,home
488,weekday,morning,home
489,weekday,morning,home
490,weekday,morning,office
491,weekday,morning,office
492,weekday,morning,office
493,weekday,afternoon,restaurant
494,weekday,afternoon,office
495,weekday,afternoon,office
496,weekday,afternoon,office
497,weekday,afternoon,office
498,weekday,afternoon,office
499,weekday,evening,home
500,weekday,evening,home
501,weekday,evening,home
502,weekday,evening,home
503,weekday,night,home
504,weekday,night,home
505,weekday,night,home
506,weekday,night,home
507,weekday,night,home
508,weekday,night,home
509,weekday,night,home
510,weekday,night,home
511,weekday,morning,home
512,weekday,morning,home
513,weekday,morning,home
514,weekday,morning,office
515,weekday,morning,office
516,weekday,morning,office
517,weekday,afternoon,restaurant
518,weekday,afternoon,office
519,weekday,afternoon,office
520,weekday,afternoon,office
521,weekday,afternoon,office
522,weekday,afternoon,office
523,weekday,evening,office
524,weekday,evening,store
525,weekday,evening,home
526,weekday,evening,home
527,weekday,night,home
528,weekday,night,home
529,weekday,night,home
530,weekday,night,home
531,weekday,night,home
532,weekday,night,home
533,weekday,night,home
534,weekday,night,home
535,weekday,morning,home
536,weekday,morning,home
537,weekday,morning,home
538,weekday,morning,office
539,weekday,morning,office
540,weekday,morning,office
541,weekday,afternoon,office
542,weekday,afternoon,campus
543,weekday,afternoon,campus
544,weekday,afternoon,campus
545,weekday,afternoon,campus
546,weekday,afternoon,store
547,weekday,evening,home
548,weekday,evening,home
549,weekday,evening,home
550,weekday,evening,home
551,weekday,night,home
552,weekday,night,home
553,weekday,night,home
554,weekday,night,home
555,weekday,night,home
556,weekday,night,home
557,weekday,night,home
558,weekday,night,home
559,weekday,morning,home
560,weekday,morning,home
561,weekday,morning,home
562,weekday,morning,office
563,weekday,morning,office
564,weekday,morning,restaurant
565,weekday,afternoon,restaurant
566,weekday,afternoon,office
567,weekday,afternoon,office
568,weekday,afternoon,office
569,weekday,afternoon,office
570,weekday,afternoon,office
571,weekday,evening,home
572,weekday,evening,home
573,weekday,evening,home
574,weekday,evening,store
575,weekday,night,home
576,weekday,night,home
577,weekend,night,home
578,weekend,night,home
579,weekend,night,home
580,weekend,night,home
581,weekend,night,home
582,weekend,night,home
583,weekend,morning,home
584,weekend,morning,home
585,weekend,morning,home
586,weekend,morning,home
587,weekend,morning,home
588,weekend,morning,home
589,weekend,afternoon,home
590,weekend,afternoon,home
591,weekend,afternoon,home
592,weekend,afternoon,home
593,weekend,afternoon,home
594,weekend,afternoon,home
595,weekend,evening,home
596,weekend,evening,home
597,weekend,evening,home
598,weekend,evening,home
599,weekend,night,home
600,weekend,night,home
601,weekend,night,home
602,weekend,night,home
603,weekend,night,home
604,weekend,night,home
605,weekend,night,home
606,weekend,night,home
607,weekend,morning,home
608,weekend,morning,home
609,weekend,morning,home
610,weekend,morning,home
611,weekend,morning,home
612,weekend,morning,home
613,weekend,afternoon,home
614,weekend,afternoon,home
615,weekend,afternoon,home
616,weekend,afternoon,home
617,weekend,afternoon,home
618,weekend,afternoon,home
619,weekend,evening,store
620,weekend,evening,store
621,weekend,evening,restaurant
622,weekend,evening,home
623,weekend,night,home
624,weekend,night,home
625,weekday,night,home
626,weekday,night,home
627,weekday,night,home
628,weekday,night,home
629,weekday,night,home
630,weekday,night,home
631,weekday,morning,home
632,weekday,morning,home
633,weekday,morning,home
634,weekday,morning,home
635,weekday,morning,home
636,weekday,morning,home
637,weekday,afternoon,home
638,weekday,afternoon,home
639,weekday,afternoon,home
640,weekday,afternoon,home
641,weekday,afternoon,home
642,weekday,afternoon,home
643,weekday,evening,store
644,weekday,evening,home
645,weekday,evening,home
646,weekday,evening,home
647,weekday,night,home
648,weekday,night,home
649,weekday,night,home
650,weekday,night,home
651,weekday,night,home
652,weekday,night,home
653,weekday,night,home
654,weekday,night,home
655,weekday,morning,home
656,weekday,morning,home
657,weekday,morning,home
658,weekday,morning,home
659,weekday,morning,home
660,weekday,morning,home
661,weekday,afternoon,home
662,weekday,afternoon,home
663,weekday,afternoon,home
664,weekday,afternoon,home
665,weekday,afternoon,home
666,weekday,afternoon,home
667,weekday,evening,home
668,weekday,evening,home
669,weekday,evening,home
670,weekday,evening,home
671,weekday,night,home
672,weekday,night,home
673,weekday,night,home
674,weekday,night,home
675,weekday,night,home
676,weekday,night,home
677,weekday,night,home
678,weekday,night,home
679,weekday,morning,home
680,weekday,morning,home
681,weekday,morning,home
682,weekday,morning,office
683,weekday,morning,office
684,weekday,morning,restaurant
685,weekday,afternoon,office
686,weekday,afternoon,office
687,weekday,afternoon,campus
688,weekday,afternoon,campus
689,weekday,afternoon,campus
690,weekday,afternoon,home
691,weekday,evening,home
692,weekday,evening,home
693,weekday,evening,home
694,weekday,evening,home
695,weekday,night,home
696,weekday,night,home
697,weekday,night,home
698,weekday,night,home
699,weekday,night,home
700,weekday,night,home
701,weekday,night,home
702,weekday,night,home
703,weekday,morning,home
704,weekday,morning,home
705,weekday,morning,home
706,weekday,morning,home
707,weekday,morning,home
708,weekday,morning,home
709,weekday,afternoon,restaurant
710,weekday,afternoon,campus
711,weekday,afternoon,campus
712,weekday,afternoon,campus
713,weekday,afternoon,campus
714,weekday,afternoon,home
715,weekday,evening,home
716,weekday,evening,home
717,weekday,evening,home
718,weekday,evening,home
719,weekday,night,home
720,weekday,night,home
721,weekday,night,home
722,weekday,night,home
723,weekday,night,home
724,weekday,night,home
725,weekday,night,home
726,weekday,night,home
727,weekday,morning,home
728,weekday,morning,home
729,weekday,morning,office
730,weekday,morning,office
731,weekday,morning,office
732,weekday,morning,restaurant
733,weekday,afternoon,office
734,weekday,afternoon,office
735,weekday,afternoon,office
736,weekday,afternoon,office
737,weekday,afternoon,office
738,weekday,afternoon,office
739,weekday,evening,home
740,weekday,evening,home
741,weekday,evening,store
742,weekday,evening,store
743,weekday,night,home
744,weekday,night,home
745,weekend,night,home
746,weekend,night,home
747,weekend,night,home
748,weekend,night,home
749,weekend,night,home
750,weekend,night,home
751,weekend,morning,home
752,weekend,morning,home
753,weekend,morning,home
754,weekend,morning,home
755,weekend,morning,home
756,weekend,morning,home
757,weekend,afternoon,home
758,weekend,afternoon,home
759,weekend,afternoon,home
760,weekend,afternoon,home
761,weekend,afternoon,home
762,weekend,afternoon,home
763,weekend,evening,home
764,weekend,evening,home
765,weekend,evening,store
766,weekend,evening,home
767,weekend,night,home
768,weekend,night,home
769,weekend,night,home
770,weekend,night,home
771,weekend,night,home
772,weekend,night,home
773,weekend,night,home
774,weekend,night,home
775,weekend,morning,home
776,weekend,morning,home
777,weekend,morning,home
778,weekend,morning,home
779,weekend,morning,home
780,weekend,morning,home
781,weekend,afternoon,home
782,weekend,afternoon,home
783,weekend,afternoon,home
784,weekend,afternoon,home
785,weekend,afternoon,home
786,weekend,afternoon,home
787,weekend,evening,home
788,weekend,evening,home
789,weekend,evening,home
790,weekend,evening,home
791,weekend,night,home
792,weekend,night,home
793,weekday,night,home
794,weekday,night,home
795,weekday,night,home
796,weekday,night,home
797,weekday,night,home
798,weekday,night,home
799,weekday,morning,home
800,weekday,morning,home
801,weekday,morning,home
802,weekday,morning,office
803,weekday,morning,office
804,weekday,morning,office
805,weekday,afternoon,office
806,weekday,afternoon,office
807,weekday,afternoon,office
808,weekday,afternoon,office
809,weekday,afternoon,office
810,weekday,afternoon,office
811,weekday,evening,store
812,weekday,evening,home
813,weekday,evening,home
814,weekday,evening,home
815,weekday,night,home
816,weekday,night,home
817,weekday,night,home
818,weekday,night,home
819,weekday,night,home
820,weekday,night,home
821,weekday,night,home
822,weekday,night,home
823,weekday,morning,home
824,weekday,morning,home
825,weekday,morning,home
826,weekday,morning,office
827,weekday,morning,office
828,weekday,morning,office
829,weekday,afternoon,office
830,weekday,afternoon,office
831,weekday,afternoon,office
832,weekday,afternoon,office
833,weekday,afternoon,office
834,weekday,afternoon,office
835,weekday,evening,home
836,weekday,evening,home
837,weekday,evening,home
838,weekday,evening,home
839,weekday,night,home
840,weekday,night,home
841,weekday,night,home
842,weekday,night,home
843,weekday,night,home
844,weekday,night,home
845,weekday,night,home
846,weekday,night,home
847,weekday,morning,home
848,weekday,morning,home
849,weekday,morning,home
850,weekday,morning,office
851,weekday,morning,campus
852,weekday,morning,campus
853,weekday,afternoon,restaurant
854,weekday,afternoon,office
855,weekday,afternoon,office
856,weekday,afternoon,office
857,weekday,afternoon,office
858,weekday,afternoon,office
859,weekday,evening,office
860,weekday,evening,home
861,weekday,evening,home
862,weekday,evening,home
863,weekday,night,home
864,weekday,night,home
865,weekday,night,home
866,weekday,night,home
867,weekday,night,home
868,weekday,night,home
869,weekday,night,home
870,weekday,night,home
871,weekday,morning,home
872,weekday,morning,home
873,weekday,morning,home
874,weekday,morning,office
875,weekday,morning,office
876,weekday,morning,restaurant
877,weekday,afternoon,office
878,weekday,afternoon,office
879,weekday,afternoon,campus
880,weekday,afternoon,campus
881,weekday,afternoon,home
882,weekday,afternoon,home
883,weekday,evening,home
884,weekday,evening,home
885,weekday,evening,home
886,weekday,evening,home
887,weekday,night,home
888,weekday,night,home
889,weekday,night,home
890,weekday,night,home
891,weekday,night,home
892,weekday,night,home
893,weekday,night,home
894,weekday,night,home
895,weekday,morning,home
896,weekday,morning,home
897,weekday,morning,home
898,weekday,morning,office
899,weekday,morning,office
900,weekday,morning,restaurant
901,weekday,afternoon,office
902,weekday,afternoon,office
903,weekday,afternoon,appointment
904,weekday,afternoon,home
905,weekday,afternoon,home
906,weekday,afternoon,home
907,weekday,evening,home
908,weekday,evening,home
909,weekday,evening,home
910,weekday,evening,home
911,weekday,night,home
912,weekday,night,home
913,weekend,night,home
914,weekend,night,home
915,weekend,night,home
916,weekend,night,home
917,weekend,night,home
918,weekend,night,home
919,weekend,morning,home
920,weekend,morning,home
921,weekend,morning,home
922,weekend,morning,home
923,weekend,morning,home
924,weekend,morning,home
925,weekend,afternoon,home
926,weekend,afternoon,home
927,weekend,afternoon,home
928,weekend,afternoon,home
929,weekend,afternoon,home
930,weekend,afternoon,store
931,weekend,evening,theater
932,weekend,evening,theater
933,weekend,evening,theater
934,weekend,evening,restaurant
935,weekend,night,home
936,weekend,night,home
937,weekend,night,home
938,weekend,night,home
939,weekend,night,home
940,weekend,night,home
941,weekend,night,home
942,weekend,night,home
943,weekend,morning,home
944,weekend,morning,home
945,weekend,morning,home
946,weekend,morning,home
947,weekend,morning,home
948,weekend,morning,home
949,weekend,afternoon,home
950,weekend,afternoon,home
951,weekend,afternoon,home
952,weekend,afternoon,home
953,weekend,afternoon,home
954,weekend,afternoon,home
955,weekend,evening,home
956,weekend,evening,home
957,weekend,evening,home
958,weekend,evening,home
959,weekend,night,home
960,weekend,night,home
961,weekday,night,home
962,weekday,night,home
963,weekday,night,home
964,weekday,night,home
965,weekday,night,home
966,weekday,night,home
967,weekday,morning,home
968,weekday,morning,home
969,weekday,morning,campus
970,weekday,morning,campus
971,weekday,morning,office
972,weekday,morning,restaurant
973,weekday,afternoon,restaurant
974,weekday,afternoon,office
975,weekday,afternoon,office
976,weekday,afternoon,office
977,weekday,afternoon,office
978,weekday,afternoon,office
979,weekday,evening,home
980,weekday,evening,home
981,weekday,evening,home
982,weekday,evening,home
983,weekday,night,home
984,weekday,night,home
985,weekday,night,home
986,weekday,night,home
987,weekday,night,home
988,weekday,night,home
989,weekday,night,home
990,weekday,night,home
991,weekday,morning,home
992,weekday,morning,home
993,weekday,morning,home
994,weekday,morning,home
995,weekday,morning,office
996,weekday,morning,office
997,weekday,afternoon,office
998,weekday,afternoon,office
999,weekday,afternoon,office
1000,weekday,afternoon,office
1001,weekday,afternoon,office
1002,weekday,afternoon,office
1003,weekday,evening,store
1004,weekday,evening,home
1005,weekday,evening,home
1006,weekday,evening,home
1007,weekday,night,home
1008,weekday,night,home
1009,weekday,night,home
1010,weekday,night,home
1011,weekday,night,home
1012,weekday,night,home
1013,weekday,night,home
1014,weekday,night,home
1015,weekday,morning,home
1016,weekday,morning,home
1017,weekday,morning,home
1018,weekday,morning,home
1019,weekday,morning,office
1020,weekday,morning,office
1021,weekday,afternoon,office
1022,weekday,afternoon,office
1023,weekday,afternoon,campus
1024,weekday,afternoon,campus
1025,weekday,afternoon,campus
1026,weekday,afternoon,store
1027,weekday,evening,home
1028,weekday,evening,home
1029,weekday,evening,home
1030,weekday,evening,home
1031,weekday,night,home
1032,weekday,night,home
1033,weekday,night,home
1034,weekday,night,home
1035,weekday,night,home
1036,weekday,night,home
1037,weekday,night,home
1038,weekday,night,home
1039,weekday,morning,home
1040,weekday,morning,home
1041,weekday,morning,home
1042,weekday,morning,office
1043,weekday,morning,office
1044,weekday,morning,office
1045,weekday,afternoon,restaurant
1046,weekday,afternoon,office
1047,weekday,afternoon,office
1048,weekday,afternoon,office
1049,weekday,afternoon,office
1050,weekday,afternoon,office
1051,weekday,evening,office
1052,weekday,evening,home
1053,weekday,evening,home
1054,weekday,evening,home
1055,weekday,night,home
1056,weekday,night,home
1057,weekday,night,home
1058,weekday,night,home
1059,weekday,night,home
1060,weekday,night,home
1061,weekday,night,home
1062,weekday,night,home
1063,weekday,morning,home
1064,weekday,morning,home
1065,weekday,morning,home
1066,weekday,morning,home
1067,weekday,morning,office
1068,weekday,morning,office
1069,weekday,afternoon,office
1070,weekday,afternoon,office
1071,weekday,afternoon,office
1072,weekday,afternoon,office
1073,weekday,afternoon,office
1074,weekday,afternoon,home
1075,weekday,evening,store
1076,weekday,evening,store
1077,weekday,evening,store
1078,weekday,evening,restaurant
1079,weekday,night,restaurant
1080,weekday,night,home
1081,weekend,night,home
1082,weekend,night,home
1083,weekend,night,home
1084,weekend,night,home
1085,weekend,night,home
1086,weekend,night,home
1087,weekend,morning,home
1088,weekend,morning,home
1089,weekend,morning,home
1090,weekend,morning,home
1091,weekend,morning,home
1092,weekend,morning,home
1093,weekend,afternoon,home
1094,weekend,afternoon,home
1095,weekend,afternoon,home
1096,weekend,afternoon,home
1097,weekend,afternoon,home
1098,weekend,afternoon,store
1099,weekend,evening,restaurant
1100,weekend,evening,home
1101,weekend,evening,home
1102,weekend,evening,home
1103,weekend,night,home
1104,weekend,night,home
1105,weekend,night,home
1106,weekend,night,home
1107,weekend,night,home
1108,weekend,night,home
1109,weekend,night,home
1110,weekend,night,home
1111,weekend,morning,home
1112,weekend,morning,home
1113,weekend,morning,home
1114,weekend,morning,home
1115,weekend,morning,home
1116,weekend,morning,home
1117,weekend,afternoon,home
1118,weekend,afternoon,home
1119,weekend,afternoon,home
1120,weekend,afternoon,home
1121,weekend,afternoon,home
1122,weekend,afternoon,home
1123,weekend,evening,store
1124,weekend,evening,store
1125,weekend,evening,home
1126,weekend,evening,home
1127,weekend,night,home
1128,weekend,night,home
1129,weekday,night,home
1130,weekday,night,home
1131,weekday,night,home
1132,weekday,night,home
1133,weekday,night,home
1134,weekday,night,home
1135,weekday,morning,home
1136,weekday,morning,home
1137,weekday,morning,home
1138,weekday,morning,office
1139,weekday,morning,office
1140,weekday,morning,restaurant
1141,weekday,afternoon,restaurant
1142,weekday,afternoon,office
1143,weekday,afternoon,office
1144,weekday,afternoon,office
1145,weekday,afternoon,office
1146,weekday,afternoon,office
1147,weekday,evening,home
1148,weekday,evening,home
1149,weekday,evening,home
1150,weekday,evening,home
1151,weekday,night,home
1152,weekday,night,home
1153,weekday,night,home
1154,weekday,night,home
1155,weekday,night,home
1156,weekday,night,home
1157,weekday,night,home
1158,weekday,night,home
1159,weekday,morning,home
1160,weekday,morning,home
1161,weekday,morning,home
1162,weekday,morning,office
1163,weekday,morning,office
1164,weekday,morning,office
1165,weekday,afternoon,restaurant
1166,weekday,afternoon,office
1167,weekday,afternoon,office
1168,weekday,afternoon,office
1169,weekday,afternoon,office
1170,weekday,afternoon,office
1171,weekday,evening,home
1172,weekday,evening,home
1173,weekday,evening,home
1174,weekday,evening,home
1175,weekday,night,home
1176,weekday,night,home
1177,weekday,night,home
1178,weekday,night,home
1179,weekday,night,home
1180,weekday,night,home
1181,weekday,night,home
1182,weekday,night,home
1183,weekday,morning,home
1184,weekday,morning,home
1185,weekday,morning,home
1186,weekday,morning,office
1187,weekday,morning,office
1188,weekday,morning,office
1189,weekday,afternoon,restaurant
1190,weekday,afternoon,office
1191,weekday,afternoon,office
1192,weekday,afternoon,office
1193,weekday,afternoon,office
1194,weekday,afternoon,office
1195,weekday,evening,office
1196,weekday,evening,home
1197,weekday,evening,home
1198,weekday,evening,home
1199,weekday,night,home
1200,weekday,night,home
1201,weekday,night,home
1202,weekday,night,home
1203,weekday,night,home
1204,weekday,night,home
1205,weekday,night,home
1206,weekday,night,home
1207,weekday,morning,home
1208,weekday,morning,home
1209,weekday,morning,home
1210,weekday,morning,campus
1211,weekday,morning,campus
1212,weekday,morning,restaurant
1213,weekday,afternoon,restaurant
1214,weekday,afternoon,office
1215,weekday,afternoon,office
1216,weekday,afternoon,office
1217,weekday,afternoon,office
1218,weekday,afternoon,office
1219,weekday,evening,office
1220,weekday,evening,home
1221,weekday,evening,home
1222,weekday,evening,home
1223,weekday,night,home
1224,weekday,night,home
1225,weekday,night,home
1226,weekday,night,home
1227,weekday,night,home
1228,weekday,night,home
1229,weekday,night,home
1230,weekday,night,home
1231,weekday,morning,home
1232,weekday,morning,home
1233,weekday,morning,home
1234,weekday,morning,home
1235,weekday,morning,office
1236,weekday,morning,office
1237,weekday,afternoon,restaurant
1238,weekday,afternoon,office
1239,weekday,afternoon,office
1240,weekday,afternoon,office
1241,weekday,afternoon,office
1242,weekday,afternoon,office
1243,weekday,evening,home
1244,weekday,evening,home
1245,weekday,evening,store
1246,weekday,evening,store
1247,weekday,night,home
1248,weekday,night,home
1249,weekend,night,home
1250,weekend,night,home
1251,weekend,night,home
1252,weekend,night,home
1253,weekend,night,home
1254,weekend,night,home
1255,weekend,morning,home
1256,weekend,morning,home
1257,weekend,morning,home
1258,weekend,morning,home
1259,weekend,morning,home
1260,weekend,morning,home
1261,weekend,afternoon,home
1262,weekend,afternoon,home
1263,weekend,afternoon,home
1264,weekend,afternoon,home
1265,weekend,afternoon,home
1266,weekend,afternoon,home
1267,weekend,evening,home
1268,weekend,evening,home
1269,weekend,evening,home
1270,weekend,evening,home
1271,weekend,night,home
1272,weekend,night,home
1273,weekend,night,home
1274,weekend,night,home
1275,weekend,night,home
1276,weekend,night,home
1277,weekend,night,home
1278,weekend,night,home
1279,weekend,morning,home
1280,weekend,morning,home
1281,weekend,morning,home
1282,weekend,morning,home
1283,weekend,morning,home
1284,weekend,morning,home
1285,weekend,afternoon,home
1286,weekend,afternoon,home
1287,weekend,afternoon,home
1288,weekend,afternoon,home
1289,weekend,afternoon,home
1290,weekend,afternoon,home
1291,weekend,evening,home
1292,weekend,evening,home
1293,weekend,evening,home
1294,weekend,evening,home
1295,weekend,night,home
1296,weekend,night,home
1297,weekday,night,home
1298,weekday,night,home
1299,weekday,night,home
1300,weekday,night,home
1301,weekday,night,home
1302,weekday,night,home
1303,weekday,morning,home
1304,weekday,morning,home
1305,weekday,morning,office
1306,weekday,morning,office
1307,weekday,morning,office
1308,weekday,morning,office
1309,weekday,afternoon,office
1310,weekday,afternoon,office
1311,weekday,afternoon,office
1312,weekday,afternoon,office
1313,weekday,afternoon,office
1314,weekday,afternoon,office
1315,weekday,evening,appointment
1316,weekday,evening,home
1317,weekday,evening,home
1318,weekday,evening,home
1319,weekday,night,home
1320,weekday,night,home
1321,weekday,night,home
1322,weekday,night,home
1323,weekday,night,home
1324,weekday,night,home
1325,weekday,night,home
1326,weekday,night,home
1327,weekday,morning,home
1328,weekday,morning,home
1329,weekday,morning,home
1330,weekday,morning,office
1331,weekday,morning,office
1332,weekday,morning,office
1333,weekday,afternoon,office
1334,weekday,afternoon,office
1335,weekday,afternoon,office
1336,weekday,afternoon,office
1337,weekday,afternoon,office
1338,weekday,afternoon,office
1339,weekday,evening,home
1340,weekday,evening,home
1341,weekday,evening,home
1342,weekday,evening,home
1343,weekday,night,home
1344,weekday,night,home
1345,weekday,night,home
1346,weekday,night,home
1347,weekday,night,home
1348,weekday,night,home
1349,weekday,night,home
1350,weekday,night,home
1351,weekday,morning,home
1352,weekday,morning,home
1353,weekday,morning,home
1354,weekday,morning,office
1355,weekday,morning,office
1356,weekday,morning,office
1357,weekday,afternoon,office
1358,weekday,afternoon,office
1359,weekday,afternoon,office
1360,weekday,afternoon,office
1361,weekday,afternoon,office
1362,weekday,afternoon,office
1363,weekday,evening,home
1364,weekday,evening,home
1365,weekday,evening,home
1366,weekday,evening,home
1367,weekday,night,home
1368,weekday,night,home
1369,weekday,night,home
1370,weekday,night,home
1371,weekday,night,home
1372,weekday,night,home
1373,weekday,night,home
1374,weekday,night,home
1375,weekday,morning,home
1376,weekday,morning,home
1377,weekday,morning,campus
1378,weekday,morning,campus
1379,weekday,morning,campus
1380,weekday,morning,campus
1381,weekday,afternoon,restaurant
1382,weekday,afternoon,office
1383,weekday,afternoon,office
1384,weekday,afternoon,office
1385,weekday,afternoon,office
1386,weekday,afternoon,office
1387,weekday,evening,home
1388,weekday,evening,home
1389,weekday,evening,home
1390,weekday,evening,home
1391,weekday,night,home
1392,weekday,night,home
1393,weekday,night,home
1394,weekday,night,home
1395,weekday,night,home
1396,weekday,night,home
1397,weekday,night,home
1398,weekday,night,home
1399,weekday,morning,home
1400,weekday,morning,home
1401,weekday,morning,home
1402,weekday,morning,office
1403,weekday,morning,office
1404,weekday,morning,restaurant
1405,weekday,afternoon,office
1406,weekday,afternoon,office
1407,weekday,afternoon,office
1408,weekday,afternoon,office
1409,weekday,afternoon,office
1410,weekday,afternoon,office
1411,weekday,evening,home
1412,weekday,evening,home
1413,weekday,evening,home
1414,weekday,evening,home
1415,weekday,night,home
1416,weekday,night,home
1417,weekend,night,home
1418,weekend,night,home
1419,weekend,night,home
1420,weekend,night,home
1421,weekend,night,home
1422,weekend,night,home
1423,weekend,morning,home
1424,weekend,morning,home
1425,weekend,morning,home
1426,weekend,morning,home
1427,weekend,morning,home
1428,weekend,morning,home
1429,weekend,afternoon,home
1430,weekend,afternoon,home
1431,weekend,afternoon,home
1432,weekend,afternoon,home
1433,weekend,afternoon,home
1434,weekend,afternoon,home
1435,weekend,evening,store
1436,weekend,evening,home
1437,weekend,evening,home
1438,weekend,evening,home
1439,weekend,night,home
1440,weekend,night,home
1441,weekend,night,home
1442,weekend,night,home
1443,weekend,night,home
1444,weekend,night,home
1445,weekend,night,home
1446,weekend,night,home
1447,weekend,morning,home
1448,weekend,morning,home
1449,weekend,morning,home
1450,weekend,morning,home
1451,weekend,morning,home
1452,weekend,morning,home
1453,weekend,afternoon,home
1454,weekend,afternoon,home
1455,weekend,afternoon,home
1456,weekend,afternoon,home
1457,weekend,afternoon,restaurant
1458,weekend,afternoon,home
1459,weekend,evening,home
1460,weekend,evening,home
1461,weekend,evening,home
1462,weekend,evening,home
1463,weekend,night,home
1464,weekend,night,home
1465,weekday,night,home
1466,weekday,night,home
1467,weekday,night,home
1468,weekday,night,home
1469,weekday,night,home
1470,weekday,night,home
1471,weekday,morning,home
1472,weekday,morning,home
1473,weekday,morning,home
1474,weekday,morning,office
1475,weekday,morning,office
1476,weekday,morning,office
1477,weekday,afternoon,office
1478,weekday,afternoon,office
1479,weekday,afternoon,office
1480,weekday,afternoon,office
1481,weekday,afternoon,office
1482,weekday,afternoon,office
1483,weekday,evening,home
1484,weekday,evening,home
1485,weekday,evening,home
1486,weekday,evening,home
1487,weekday,night,home
1488,weekday,night,home
1489,weekday,night,home
1490,weekday,night,home
1491,weekday,night,home
1492,weekday,night,home
1493,weekday,night,home
1494,weekday,night,home
1495,weekday,morning,home
1496,weekday,morning,home
1497,weekday,morning,home
1498,weekday,morning,office
1499,weekday,morning,campus
1500,weekday,morning,campus
1501,weekday,afternoon,restaurant
1502,weekday,afternoon,office
1503,weekday,afternoon,office
1504,weekday,afternoon,office
1505,weekday,afternoon,office
1506,weekday,afternoon,office
1507,weekday,evening,office
1508,weekday,evening,home
1509,weekday,evening,home
1510,weekday,evening,home
1511,weekday,night,home
1512,weekday,night,home
1513,weekday,night,home
1514,weekday,night,home
1515,weekday,night,home
1516,weekday,night,home
1517,weekday,night,home
1518,weekday,night,home
1519,weekday,morning,home
1520,weekday,morning,home
1521,weekday,morning,home
1522,weekday,morning,office
1523,weekday,morning,office
1524,weekday,morning,restaurant
1525,weekday,afternoon,office
1526,weekday,afternoon,office
1527,weekday,afternoon,office
1528,weekday,afternoon,office
1529,weekday,afternoon,office
1530,weekday,afternoon,office
1531,weekday,evening,office
1532,weekday,evening,home
1533,weekday,evening,home
1534,weekday,evening,home
1535,weekday,night,home
1536,weekday,night,home
1537,weekday,night,home
1538,weekday,night,home
1539,weekday,night,home
1540,weekday,night,home
1541,weekday,night,home
1542,weekday,night,home
1543,weekday,morning,home
1544,weekday,morning,home
1545,weekday,morning,home
1546,weekday,morning,home
1547,weekday,morning,office
1548,weekday,morning,office
1549,weekday,afternoon,office
1550,weekday,afternoon,office
1551,weekday,afternoon,office
1552,weekday,afternoon,office
1553,weekday,afternoon,office
1554,weekday,afternoon,office
1555,weekday,evening,home
1556,weekday,evening,home
1557,weekday,evening,home
1558,weekday,evening,home
1559,weekday,night,home
1560,weekday,night,home
1561,weekday,night,home
1562,weekday,night,home
1563,weekday,night,home
1564,weekday,night,home
1565,weekday,night,home
1566,weekday,night,home
1567,weekday,morning,home
1568,weekday,morning,home
1569,weekday,morning,home
1570,weekday,morning,office
1571,weekday,morning,office
1572,weekday,morning,office
1573,weekday,afternoon,restaurant
1574,weekday,afternoon,office
1575,weekday,afternoon,office
1576,weekday,afternoon,office
1577,weekday,afternoon,office
1578,weekday,afternoon,office
1579,weekday,evening,home
1580,weekday,evening,home
1581,weekday,evening,home
1582,weekday,evening,home
1583,weekday,night,home
1584,weekday,night,home
1585,weekend,night,home
1586,weekend,night,home
1587,weekend,night,home
1588,weekend,night,home
1589,weekend,night,home
1590,weekend,night,home
1591,weekend,morning,home
1592,weekend,morning,home
1593,weekend,morning,home
1594,weekend,morning,home
1595,weekend,morning,home
1596,weekend,morning,home
1597,weekend,afternoon,home
1598,weekend,afternoon,home
1599,weekend,afternoon,home
1600,weekend,afternoon,home
1601,weekend,afternoon,home
1602,weekend,afternoon,home
1603,weekend,evening,store
1604,weekend,evening,store
1605,weekend,evening,home
1606,weekend,evening,home
1607,weekend,night,home
1608,weekend,night,home
1609,weekend,night,home
1610,weekend,night,home
1611,weekend,night,home
1612,weekend,night,home
1613,weekend,night,home
1614,weekend,night,home
1615,weekend,morning,home
1616,weekend,morning,home
1617,weekend,morning,home
1618,weekend,morning,home
1619,weekend,morning,home
1620,weekend,morning,home
1621,weekend,afternoon,home
1622,weekend,afternoon,restaurant
1623,weekend,afternoon,home
1624,weekend,afternoon,home
1625,weekend,afternoon,home
1626,weekend,afternoon,home
1627,weekend,evening,home
1628,weekend,evening,home
1629,weekend,evening,home
1630,weekend,evening,home
1631,weekend,night,home
1632,weekend,night,home
1633,weekday,night,home
1634,weekday,night,home
1635,weekday,night,home
1636,weekday,night,home
1637,weekday,night,home
1638,weekday,night,home
1639,weekday,morning,home
1640,weekday,morning,home
1641,weekday,morning,campus
1642,weekday,morning,campus
1643,weekday,morning,campus
1644,weekday,morning,campus
1645,weekday,afternoon,office
1646,weekday,afternoon,office
1647,weekday,afternoon,office
1648,weekday,afternoon,office
1649,weekday,afternoon,campus
1650,weekday,afternoon,campus
1651,weekday,evening,campus
1652,weekday,evening,home
1653,weekday,evening,home
1654,weekday,evening,home
1655,weekday,night,home
1656,weekday,night,home
1657,weekday,night,home
1658,weekday,night,home
1659,weekday,night,home
1660,weekday,night,home
1661,weekday,night,home
1662,weekday,night,home
1663,weekday,morning,home
1664,weekday,morning,home
1665,weekday,morning,home
1666,weekday,morning,home
1667,weekday,morning,office
1668,weekday,morning,office
1669,weekday,afternoon,restaurant
1670,weekday,afternoon,office
1671,weekday,afternoon,office
1672,weekday,afternoon,office
1673,weekday,afternoon,office
1674,weekday,afternoon,office
1675,weekday,evening,office
1676,weekday,evening,home
1677,weekday,evening,home
1678,weekday,evening,home
1679,weekday,night,home
1680,weekday,night,home
1681,weekday,night,home
1682,weekday,night,home
1683,weekday,night,home
1684,weekday,night,home
1685,weekday,night,home
1686,weekday,night,home
1687,weekday,morning,home
1688,weekday,morning,home
1689,weekday,morning,campus
1690,weekday,morning,campus
1691,weekday,morning,campus
1692,weekday,morning,office
1693,weekday,afternoon,office
1694,weekday,afternoon,restaurant
1695,weekday,afternoon,office
1696,weekday,afternoon,campus
1697,weekday,afternoon,campus
1698,weekday,afternoon,home
1699,weekday,evening,home
1700,weekday,evening,home
1701,weekday,evening,home
1702,weekday,evening,home
1703,weekday,night,home
1704,weekday,night,home
1705,weekday,night,home
1706,weekday,night,home
1707,weekday,night,home
1708,weekday,night,home
1709,weekday,night,home
1710,weekday,night,home
1711,weekday,morning,home
1712,weekday,morning,home
1713,weekday,morning,home
1714,weekday,morning,office
1715,weekday,morning,office
1716,weekday,morning,office
1717,weekday,afternoon,restaurant
1718,weekday,afternoon,office
1719,weekday,afternoon,office
1720,weekday,afternoon,office
1721,weekday,afternoon,office
1722,weekday,afternoon,office
1723,weekday,evening,home
1724,weekday,evening,home
1725,weekday,evening,home
1726,weekday,evening,home
1727,weekday,night,home
1728,weekday,night,home
1729,weekday,night,home
1730,weekday,night,home
1731,weekday,night,home
1732,weekday,night,home
1733,weekday,night,home
1734,weekday,night,home
1735,weekday,morning,home
1736,weekday,morning,home
1737,weekday,morning,home
1738,weekday,morning,office
1739,weekday,morning,office
1740,weekday,morning,office
1741,weekday,afternoon,restaurant
1742,weekday,afternoon,office
1743,weekday,afternoon,office
1744,weekday,afternoon,office
1745,weekday,afternoon,office
1746,weekday,afternoon,office
1747,weekday,evening,home
1748,weekday,evening,home
1749,weekday,evening,home
1750,weekday,evening,home
1751,weekday,night,home
1752,weekday,night,home
1753,weekend,night,home
1754,weekend,night,home
1755,weekend,night,home
1756,weekend,night,home
1757,weekend,night,home
1758,weekend,night,home
1759,weekend,morning,home
1760,weekend,morning,home
1761,weekend,morning,home
1762,weekend,morning,home
1763,weekend,morning,home
1764,weekend,morning,home
1765,weekend,afternoon,home
1766,weekend,afternoon,home
1767,weekend,afternoon,home
1768,weekend,afternoon,home
1769,weekend,afternoon,home
1770,weekend,afternoon,home
1771,weekend,evening,home
1772,weekend,evening,home
1773,weekend,evening,store
1774,weekend,evening,home
1775,weekend,night,home
1776,weekend,night,home
1777,weekend,night,home
1778,weekend,night,home
1779,weekend,night,home
1780,weekend,night,home
1781,weekend,night,home
1782,weekend,night,home
1783,weekend,morning,home
1784,weekend,morning,home
1785,weekend,morning,home
1786,weekend,morning,home
1787,weekend,morning,home
1788,weekend,morning,home
1789,weekend,afternoon,home
1790,weekend,afternoon,home
1791,weekend,afternoon,home
1792,weekend,afternoon,home
1793,weekend,afternoon,home
1794,weekend,afternoon,home
1795,weekend,evening,home
1796,weekend,evening,home
1797,weekend,evening,home
1798,weekend,evening,home
1799,weekend,night,home
1800,weekend,night,home
1801,weekday,night,home
1802,weekday,night,home
1803,weekday,night,home
1804,weekday,night,home
1805,weekday,night,home
1806,weekday,night,home
1807,weekday,morning,home
1808,weekday,morning,home
1809,weekday,morning,home
1810,weekday,morning,office
1811,weekday,morning,office
1812,weekday,morning,office
1813,weekday,afternoon,restaurant
1814,weekday,afternoon,office
1815,weekday,afternoon,office
1816,weekday,afternoon,office
1817,weekday,afternoon,office
1818,weekday,afternoon,office
1819,weekday,evening,home
1820,weekday,evening,home
1821,weekday,evening,home
1822,weekday,evening,home
1823,weekday,night,home
1824,weekday,night,home
1825,weekday,night,home
1826,weekday,night,home
1827,weekday,night,home
1828,weekday,night,home
1829,weekday,night,home
1830,weekday,night,home
1831,weekday,morning,home
1832,weekday,morning,home
1833,weekday,morning,home
1834,weekday,morning,office
1835,weekday,morning,office
1836,weekday,morning,office
1837,weekday,afternoon,restaurant
1838,weekday,afternoon,office
1839,weekday,afternoon,office
1840,weekday,afternoon,office
1841,weekday,afternoon,office
1842,weekday,afternoon,office
1843,weekday,evening,store
1844,weekday,evening,store
1845,weekday,evening,home
1846,weekday,evening,home
1847,weekday,night,home
1848,weekday,night,home
1849,weekday,night,home
1850,weekday,night,home
1851,weekday,night,home
1852,weekday,night,home
1853,weekday,night,home
1854,weekday,night,home
1855,weekday,morning,home
1856,weekday,morning,home
1857,weekday,morning,home
1858,weekday,morning,home
1859,weekday,morning,home
1860,weekday,morning,restaurant
1861,weekday,afternoon,home
1862,weekday,afternoon,home
1863,weekday,afternoon,home
1864,weekday,afternoon,home
1865,weekday,afternoon,home
1866,weekday,afternoon,home
1867,weekday,evening,home
1868,weekday,evening,home
1869,weekday,evening,home
1870,weekday,evening,home
1871,weekday,night,home
1872,weekday,night,home
1873,weekday,night,home
1874,weekday,night,home
1875,weekday,night,home
1876,weekday,night,home
1877,weekday,night,home
1878,weekday,night,home
1879,weekday,morning,home
1880,weekday,morning,home
1881,weekday,morning,home
1882,weekday,morning,campus
1883,weekday,morning,campus
1884,weekday,morning,campus
1885,weekday,afternoon,office
1886,weekday,afternoon,office
1887,weekday,afternoon,office
1888,weekday,afternoon,office
1889,weekday,afternoon,office
1890,weekday,afternoon,office
1891,weekday,evening,store
1892,weekday,evening,home
1893,weekday,evening,home
1894,weekday,evening,home
1895,weekday,night,home
1896,weekday,night,home
1897,weekday,night,home
1898,weekday,night,home
1899,weekday,night,home
1900,weekday,night,home
1901,weekday,night,home
1902,weekday,night,home
1903,weekday,morning,home
1904,weekday,morning,home
1905,weekday,morning,campus
1906,weekday,morning,campus
1907,weekday,morning,office
1908,weekday,morning,office
1909,weekday,afternoon,office
1910,weekday,afternoon,office
1911,weekday,afternoon,office
1912,weekday,afternoon,office
1913,weekday,afternoon,office
1914,weekday,afternoon,office
1915,weekday,evening,restaurant
1916,weekday,evening,home
1917,weekday,evening,home
1918,weekday,evening,home
1919,weekday,night,home
1920,weekday,night,home
1921,weekend,night,home
1922,weekend,night,home
1923,weekend,night,home
1924,weekend,night,home
1925,weekend,night,home
1926,weekend,night,home
1927,weekend,morning,home
1928,weekend,morning,home
1929,weekend,morning,home
1930,weekend,morning,home
1931,weekend,morning,home
1932,weekend,morning,home
1933,weekend,afternoon,home
1934,weekend,afternoon,home
1935,weekend,afternoon,home
1936,weekend,afternoon,home
1937,weekend,afternoon,home
1938,weekend,afternoon,home
1939,weekend,evening,theater
1940,weekend,evening,theater
1941,weekend,evening,theater
1942,weekend,evening,restaurant
1943,weekend,night,home
1944,weekend,night,home
1945,weekend,night,home
1946,weekend,night,home
1947,weekend,night,home
1948,weekend,night,home
1949,weekend,night,home
1950,weekend,night,home
1951,weekend,morning,home
1952,weekend,morning,home
1953,weekend,morning,home
1954,weekend,morning,home
1955,weekend,morning,home
1956,weekend,morning,home
1957,weekend,afternoon,home
1958,weekend,afternoon,home
1959,weekend,afternoon,home
1960,weekend,afternoon,home
1961,weekend,afternoon,home
1962,weekend,afternoon,home
1963,weekend,evening,home
1964,weekend,evening,home
1965,weekend,evening,home
1966,weekend,evening,home
1967,weekend,night,home
1968,weekend,night,home
1969,weekday,night,home
1970,weekday,night,home
1971,weekday,night,home
1972,weekday,night,home
1973,weekday,night,home
1974,weekday,night,home
1975,weekday,morning,home
1976,weekday,morning,home
1977,weekday,morning,home
1978,weekday,morning,home
1979,weekday,morning,home
1980,weekday,morning,restaurant
1981,weekday,afternoon,home
1982,weekday,afternoon,home
1983,weekday,afternoon,home
1984,weekday,afternoon,home
1985,weekday,afternoon,home
1986,weekday,afternoon,home
1987,weekday,evening,home
1988,weekday,evening,home
1989,weekday,evening,home
1990,weekday,evening,home
1991,weekday,night,home
1992,weekday,night,home
1993,weekday,night,home
1994,weekday,night,home
1995,weekday,night,home
1996,weekday,night,home
1997,weekday,night,home
1998,weekday,night,home
1999,weekday,morning,home
2000,weekday,morning,home
2001,weekday,morning,home
2002,weekday,morning,home
2003,weekday,morning,office
2004,weekday,morning,office
2005,weekday,afternoon,restaurant
2006,weekday,afternoon,office
2007,weekday,afternoon,office
2008,weekday,afternoon,office
2009,weekday,afternoon,office
2010,weekday,afternoon,office
2011,weekday,evening,home
2012,weekday,evening,home
2013,weekday,evening,home
2014,weekday,evening,home
2015,weekday,night,home
2016,weekday,night,home
2017,weekday,night,home
2018,weekday,night,home
2019,weekday,night,home
2020,weekday,night,home
2021,weekday,night,home
2022,weekday,night,home
2023,weekday,morning,home
2024,weekday,morning,home
2025,weekday,morning,home
2026,weekday,morning,office
2027,weekday,morning,office
2028,weekday,morning,office
2029,weekday,afternoon,restaurant
2030,weekday,afternoon,office
2031,weekday,afternoon,office
2032,weekday,afternoon,campus
2033,weekday,afternoon,campus
2034,weekday,afternoon,home
2035,weekday,evening,home
2036,weekday,evening,home
2037,weekday,evening,home
2038,weekday,evening,home
2039,weekday,night,home
2040,weekday,night,home
2041,weekday,night,home
2042,weekday,night,home
2043,weekday,night,home
2044,weekday,night,home
2045,weekday,night,home
2046,weekday,night,home
2047,weekday,morning,home
2048,weekday,morning,home
2049,weekday,morning,home
2050,weekday,morning,office
2051,weekday,morning,office
2052,weekday,morning,office
2053,weekday,afternoon,office
2054,weekday,afternoon,office
2055,weekday,afternoon,office
2056,weekday,afternoon,office
2057,weekday,afternoon,office
2058,weekday,afternoon,office
2059,weekday,evening,office
2060,weekday,evening,home
2061,weekday,evening,home
2062,weekday,evening,home
2063,weekday,night,home
2064,weekday,night,home
2065,weekday,night,home
2066,weekday,night,home
2067,weekday,night,home
2068,weekday,night,home
2069,weekday,night,home
2070,weekday,night,home
2071,weekday,morning,home
2072,weekday,morning,home
2073,weekday,morning,home
2074,weekday,morning,home
2075,weekday,morning,home
2076,weekday,morning,restaurant
2077,weekday,afternoon,home
2078,weekday,afternoon,home
2079,weekday,afternoon,home
2080,weekday,afternoon,home
2081,weekday,afternoon,home
2082,weekday,afternoon,home
2083,weekday,evening,restaurant
2084,weekday,evening,home
2085,weekday,evening,home
2086,weekday,evening,home
2087,weekday,night,home
2088,weekday,night,home
2089,weekend,night,home
2090,weekend,night,home
2091,weekend,night,home
2092,weekend,night,home
2093,weekend,night,home
2094,weekend,night,home
2095,weekend,morning,home
2096,weekend,morning,home
2097,weekend,morning,home
2098,weekend,morning,home
2099,weekend,morning,home
2100,weekend,morning,home
2101,weekend,afternoon,home
2102,weekend,afternoon,home
2103,weekend,afternoon,home
2104,weekend,afternoon,restaurant
2105,weekend,afternoon,home
2106,weekend,afternoon,home
2107,weekend,evening,home
2108,weekend,evening,home
2109,weekend,evening,home
2110,weekend,evening,home
2111,weekend,night,home
2112,weekend,night,home
2113,weekend,night,home
2114,weekend,night,home
2115,weekend,night,home
2116,weekend,night,home
2117,weekend,night,home
2118,weekend,night,home
2119,weekend,morning,home
2120,weekend,morning,home
2121,weekend,morning,home
2122,weekend,morning,home
2123,weekend,morning,home
2124,weekend,morning,restaurant
2125,weekend,afternoon,home
2126,weekend,afternoon,home
2127,weekend,afternoon,home
2128,weekend,afternoon,home
2129,weekend,afternoon,home
2130,weekend,afternoon,home
2131,weekend,evening,home
2132,weekend,evening,home
2133,weekend,evening,home
2134,weekend,evening,home
2135,weekend,night,home
2136,weekend,night,home
2137,weekday,night,home
2138,weekday,night,home
2139,weekday,night,home
2140,weekday,night,home
2141,weekday,night,home
2142,weekday,night,home
2143,weekday,morning,home
2144,weekday,morning,home
2145,weekday,morning,home
2146,weekday,morning,office
2147,weekday,morning,office
2148,weekday,morning,office
2149,weekday,afternoon,restaurant
2150,weekday,afternoon,office
2151,weekday,afternoon,office
2152,weekday,afternoon,office
2153,weekday,afternoon,office
2154,weekday,afternoon,office
2155,weekday,evening,office
2156,weekday,evening,home
2157,weekday,evening,home
2158,weekday,evening,home
2159,weekday,night,home
2160,weekday,night,home
2161,weekday,night,home
2162,weekday,night,home
2163,weekday,night,home
2164,weekday,night,home
2165,weekday,night,home
2166,weekday,night,home
2167,weekday,morning,home
2168,weekday,morning,home
2169,weekday,morning,home
2170,weekday,morning,office
2171,weekday,morning,office
2172,weekday,morning,office
2173,weekday,afternoon,restaurant
2174,weekday,afternoon,office
2175,weekday,afternoon,office
2176,weekday,afternoon,office
2177,weekday,afternoon,office
2178,weekday,afternoon,office
2179,weekday,evening,home
2180,weekday,evening,home
2181,weekday,evening,home
2182,weekday,evening,home
2183,weekday,night,home
2184,weekday,night,home